Date                                    , Status                                  , ProjName                                , BoardDefShortName                       , BoardDefName                            , SynthName                               , ImplName                                , SynthInfo                               , SynthWarnings                           , SynthCritWarnings                       , SynthError                              , ImplInfo                                , ImplWarnings                            , ImplCritWarnings                        , ImplError                               , ImplDRCWarnings                         , ImplDRCError                            , ImplTimingWNS                           , ImplTimingFaildEndpoints                , ImplTimingTNS                           ,
2018-10-10T16:30:53                     , Ok                                      , test_board                              , 1_160_2                                 , trenz.biz:tef1001_160_2i:part0:1.0      , synth_1                                 , impl_1                                  , 172                                     , 38                                      , 0                                       , 0                                       , 37                                      , 19                                      , 0                                       , 0                                       , 14                                      ,  0                                      , 0.669                                   , 0                                       , 0.000                                   ,
2018-10-10T20:56:31                     , Ok                                      , test_board                              , 1_160_2                                 , trenz.biz:tef1001_160_2i:part0:1.0      , synth_1                                 , impl_1                                  , 172                                     , 38                                      , 0                                       , 0                                       , 37                                      , 19                                      , 0                                       , 0                                       , 14                                      ,  0                                      , 0.669                                   , 0                                       , 0.000                                   ,
2018-10-10T21:31:15                     , Ok                                      , test_board                              , 1_325_2                                 , trenz.biz:tef1001_325_2c:part0:1.0      , synth_1                                 , impl_1                                  , 173                                     , 38                                      , 0                                       , 0                                       , 38                                      , 19                                      , 0                                       , 0                                       , 14                                      ,  0                                      , 0.905                                   , 0                                       , 0.000                                   ,
2018-10-10T22:03:30                     , Ok                                      , test_board                              , 2_160_2                                 , trenz.biz:tef1001_160_2i:part0:1.1      , synth_1                                 , impl_1                                  , 172                                     , 38                                      , 0                                       , 0                                       , 37                                      , 19                                      , 0                                       , 0                                       , 14                                      ,  0                                      , 0.805                                   , 0                                       , 0.000                                   ,
2018-10-10T22:34:26                     , Ok                                      , test_board                              , 2_325_2                                 , trenz.biz:tef1001_325_2c:part0:1.1      , synth_1                                 , impl_1                                  , 173                                     , 38                                      , 0                                       , 0                                       , 38                                      , 19                                      , 0                                       , 0                                       , 14                                      ,  0                                      , 0.674                                   , 0                                       , 0.000                                   ,
2018-10-22T12:10:14                     , Ok                                      , test_board                              , 1_160_2                                 , trenz.biz:tef1001_160_2i:part0:1.0      , synth_1                                 , impl_1                                  , 172                                     , 38                                      , 0                                       , 0                                       , 37                                      , 19                                      , 0                                       , 0                                       , 14                                      ,  0                                      , 0.669                                   , 0                                       , 0.000                                   ,
2018-10-22T12:10:14                     , Ok                                      , test_board                              , 1_160_2                                 , trenz.biz:tef1001_160_2i:part0:1.0      , synth_1                                 , impl_1                                  , 172                                     , 38                                      , 0                                       , 0                                       , 37                                      , 19                                      , 0                                       , 0                                       , 14                                      ,  0                                      , 0.669                                   , 0                                       , 0.000                                   ,
2018-10-22T16:41:20                     , Ok                                      , test_board                              , 2_160_2                                 , trenz.biz:tef1001_160_2i:part0:1.1      , synth_1                                 , impl_1                                  , 166                                     , 36                                      , 0                                       , 0                                       , 37                                      , 18                                      , 0                                       , 0                                       , 13                                      ,  0                                      , 0.602                                   , 0                                       , 0.000                                   ,
2018-10-22T16:41:20                     , Ok                                      , test_board                              , 2_160_2                                 , trenz.biz:tef1001_160_2i:part0:1.1      , synth_1                                 , impl_1                                  , 166                                     , 36                                      , 0                                       , 0                                       , 37                                      , 18                                      , 0                                       , 0                                       , 13                                      ,  0                                      , 0.602                                   , 0                                       , 0.000                                   ,
2018-10-22T16:41:20                     , Ok                                      , test_board                              , 2_160_2                                 , trenz.biz:tef1001_160_2i:part0:1.1      , synth_1                                 , impl_1                                  , 166                                     , 36                                      , 0                                       , 0                                       , 37                                      , 18                                      , 0                                       , 0                                       , 13                                      ,  0                                      , 0.602                                   , 0                                       , 0.000                                   ,
2018-10-22T16:41:20                     , Ok                                      , test_board                              , 2_160_2                                 , trenz.biz:tef1001_160_2i:part0:1.1      , synth_1                                 , impl_1                                  , 166                                     , 36                                      , 0                                       , 0                                       , 37                                      , 18                                      , 0                                       , 0                                       , 13                                      ,  0                                      , 0.602                                   , 0                                       , 0.000                                   ,
2018-10-22T16:41:20                     , Ok                                      , test_board                              , 2_160_2                                 , trenz.biz:tef1001_160_2i:part0:1.1      , synth_1                                 , impl_1                                  , 166                                     , 36                                      , 0                                       , 0                                       , 37                                      , 18                                      , 0                                       , 0                                       , 13                                      ,  0                                      , 0.602                                   , 0                                       , 0.000                                   ,
2018-10-23T11:06:49                     , Ok                                      , test_board                              , 2_160_2                                 , trenz.biz:tef1001_160_2i:part0:1.1      , synth_1                                 , impl_1                                  , 166                                     , 36                                      , 0                                       , 0                                       , 37                                      , 18                                      , 0                                       , 0                                       , 13                                      ,  0                                      , 0.765                                   , 0                                       , 0.000                                   ,
2018-10-23T11:06:49                     , Ok                                      , test_board                              , 2_160_2                                 , trenz.biz:tef1001_160_2i:part0:1.1      , synth_1                                 , impl_1                                  , 166                                     , 36                                      , 0                                       , 0                                       , 37                                      , 18                                      , 0                                       , 0                                       , 13                                      ,  0                                      , 0.765                                   , 0                                       , 0.000                                   ,
2018-10-23T11:06:49                     , Ok                                      , test_board                              , 2_160_2                                 , trenz.biz:tef1001_160_2i:part0:1.1      , synth_1                                 , impl_1                                  , 166                                     , 36                                      , 0                                       , 0                                       , 37                                      , 18                                      , 0                                       , 0                                       , 13                                      ,  0                                      , 0.765                                   , 0                                       , 0.000                                   ,
2018-10-23T11:06:49                     , Ok                                      , test_board                              , 2_160_2                                 , trenz.biz:tef1001_160_2i:part0:1.1      , synth_1                                 , impl_1                                  , 166                                     , 36                                      , 0                                       , 0                                       , 37                                      , 18                                      , 0                                       , 0                                       , 13                                      ,  0                                      , 0.765                                   , 0                                       , 0.000                                   ,
2018-10-23T11:06:49                     , Ok                                      , test_board                              , 2_160_2                                 , trenz.biz:tef1001_160_2i:part0:1.1      , synth_1                                 , impl_1                                  , 166                                     , 36                                      , 0                                       , 0                                       , 37                                      , 18                                      , 0                                       , 0                                       , 13                                      ,  0                                      , 0.765                                   , 0                                       , 0.000                                   ,
2018-10-23T15:42:14                     , Ok                                      , test_board                              , 1_160_2                                 , trenz.biz:tef1001_160_2i:part0:1.0      , synth_1                                 , impl_1                                  , 166                                     , 36                                      , 0                                       , 0                                       , 37                                      , 18                                      , 0                                       , 0                                       , 13                                      ,  0                                      , 0.905                                   , 0                                       , 0.000                                   ,
2018-10-23T15:42:14                     , Ok                                      , test_board                              , 1_160_2                                 , trenz.biz:tef1001_160_2i:part0:1.0      , synth_1                                 , impl_1                                  , 166                                     , 36                                      , 0                                       , 0                                       , 37                                      , 18                                      , 0                                       , 0                                       , 13                                      ,  0                                      , 0.905                                   , 0                                       , 0.000                                   ,
2018-10-23T16:59:06                     , Ok                                      , test_board                              , 1_160_2                                 , trenz.biz:tef1001_160_2i:part0:1.0      , synth_1                                 , impl_1                                  , 166                                     , 36                                      , 0                                       , 0                                       , 37                                      , 18                                      , 0                                       , 0                                       , 13                                      ,  0                                      , 0.905                                   , 0                                       , 0.000                                   ,
2018-10-23T17:28:57                     , Ok                                      , test_board                              , 1_325_2                                 , trenz.biz:tef1001_325_2c:part0:1.0      , synth_1                                 , impl_1                                  , 167                                     , 36                                      , 0                                       , 0                                       , 38                                      , 18                                      , 0                                       , 0                                       , 13                                      ,  0                                      , 0.780                                   , 0                                       , 0.000                                   ,
2018-10-23T17:57:57                     , Ok                                      , test_board                              , 2_160_2                                 , trenz.biz:tef1001_160_2i:part0:1.1      , synth_1                                 , impl_1                                  , 166                                     , 36                                      , 0                                       , 0                                       , 37                                      , 18                                      , 0                                       , 0                                       , 13                                      ,  0                                      , 0.765                                   , 0                                       , 0.000                                   ,
2018-10-23T18:28:05                     , Ok                                      , test_board                              , 2_325_2                                 , trenz.biz:tef1001_325_2c:part0:1.1      , synth_1                                 , impl_1                                  , 167                                     , 36                                      , 0                                       , 0                                       , 38                                      , 18                                      , 0                                       , 0                                       , 13                                      ,  0                                      , 0.905                                   , 0                                       , 0.000                                   ,
2018-10-23T18:28:05                     , Ok                                      , test_board                              , 2_325_2                                 , trenz.biz:tef1001_325_2c:part0:1.1      , synth_1                                 , impl_1                                  , 167                                     , 36                                      , 0                                       , 0                                       , 38                                      , 18                                      , 0                                       , 0                                       , 13                                      ,  0                                      , 0.905                                   , 0                                       , 0.000                                   ,
2018-10-25T14:53:42                     , Ok                                      , test_board                              , 2_410_2                                 , trenz.biz:tef1001_410_2i:part0:1.1      , synth_1                                 , impl_1                                  , 167                                     , 36                                      , 0                                       , 0                                       , 38                                      , 18                                      , 0                                       , 0                                       , 13                                      ,  0                                      , 0.860                                   , 0                                       , 0.000                                   ,
2019-07-15T11:07:27                     , Ok                                      , test_board_noprebuilt                   , 1_160_2                                 , trenz.biz:tef1001_160_2i:part0:1.0      , synth_1                                 , impl_1                                  , 176                                     , 94                                      , 0                                       , 0                                       , 37                                      , 29                                      , 2                                       , 0                                       , 24                                      ,  0                                      , 0.687                                   , 0                                       , 0.000                                   ,
2019-07-15T11:07:27                     , Ok                                      , test_board_noprebuilt                   , 1_160_2                                 , trenz.biz:tef1001_160_2i:part0:1.0      , synth_1                                 , impl_1                                  , 176                                     , 94                                      , 0                                       , 0                                       , 37                                      , 29                                      , 2                                       , 0                                       , 24                                      ,  0                                      , 0.687                                   , 0                                       , 0.000                                   ,
2019-07-15T11:26:12                     , Ok                                      , test_board_noprebuilt                   , 1_160_2                                 , trenz.biz:tef1001_160_2i:part0:1.0      , synth_1                                 , impl_1                                  , 176                                     , 94                                      , 0                                       , 0                                       , 37                                      , 29                                      , 2                                       , 0                                       , 24                                      ,  0                                      , 0.687                                   , 0                                       , 0.000                                   ,
2019-07-15T11:26:12                     , Ok                                      , test_board_noprebuilt                   , 1_160_2                                 , trenz.biz:tef1001_160_2i:part0:1.0      , synth_1                                 , impl_1                                  , 176                                     , 94                                      , 0                                       , 0                                       , 37                                      , 29                                      , 2                                       , 0                                       , 24                                      ,  0                                      , 0.687                                   , 0                                       , 0.000                                   ,
2019-07-15T11:26:12                     , Ok                                      , test_board_noprebuilt                   , 1_160_2                                 , trenz.biz:tef1001_160_2i:part0:1.0      , synth_1                                 , impl_1                                  , 176                                     , 94                                      , 0                                       , 0                                       , 37                                      , 29                                      , 2                                       , 0                                       , 24                                      ,  0                                      , 0.687                                   , 0                                       , 0.000                                   ,
